id,dates_iso
1,"2025-11-24,2025-11-25,2025-11-26,2025-11-27,2025-11-28,2025-11-29,2025-11-30,2025-12-01,2025-12-02,2025-12-03,2025-12-04,2025-12-05,2025-12-06,2025-12-07,2025-12-08,2025-12-09,2025-12-10,2025-12-11,2025-12-12,2025-12-13,2025-12-14,2025-12-15,2025-12-16,2025-12-17,2025-12-18,2025-12-19,2025-12-20,2025-12-21,2025-12-22,2025-12-23,2025-12-24,2025-12-25,2025-12-26,2025-12-27,2025-12-28,2025-12-29,2025-12-30,2025-12-31,2026-01-01,2026-01-02,2026-01-03,2026-01-04"
2,"2025-11-24,2025-11-25,2025-11-26,2025-11-27,2025-11-28,2025-11-29,2025-11-30,2025-12-01,2025-12-02,2025-12-03,2025-12-04,2025-12-05,2025-12-06,2025-12-07,2025-12-08,2025-12-09,2025-12-10,2025-12-11,2025-12-12,2025-12-13,2025-12-14,2025-12-15,2025-12-16,2025-12-17,2025-12-18,2025-12-19,2025-12-20,2025-12-21,2025-12-22,2025-12-23,2025-12-24,2025-12-25,2025-12-26,2025-12-27,2025-12-28"
3,2025-11-30
4,2025-12-06
5,"2025-12-20,2025-12-21"
6,"2025-11-29,2025-11-30"
7,2025-12-07
8,2025-11-23
9,"2025-11-13,2025-11-14,2025-11-15,2025-11-16,2025-11-17,2025-11-18,2025-11-19,2025-11-20,2025-11-21,2025-11-22,2025-11-23,2025-11-24,2025-11-25,2025-11-26,2025-11-27,2025-11-28,2025-11-29,2025-11-30,2025-12-01,2025-12-02,2025-12-03,2025-12-04,2025-12-05,2025-12-06,2025-12-07,2025-12-08,2025-12-09,2025-12-10,2025-12-11,2025-12-12,2025-12-13,2025-12-14,2025-12-15,2025-12-16,2025-12-17,2025-12-18,2025-12-19,2025-12-20,2025-12-21,2025-12-22"
10,"2025-11-17,2025-11-18,2025-11-19,2025-11-20,2025-11-21,2025-11-22,2025-11-23,2025-11-24,2025-11-25,2025-11-26,2025-11-27,2025-11-28,2025-11-29,2025-11-30,2025-12-01,2025-12-02,2025-12-03,2025-12-04,2025-12-05,2025-12-06,2025-12-07,2025-12-08,2025-12-09,2025-12-10,2025-12-11,2025-12-12,2025-12-13,2025-12-14,2025-12-15,2025-12-16,2025-12-17,2025-12-18,2025-12-19,2025-12-20,2025-12-21,2025-12-22,2025-12-23,2025-12-24,2025-12-25,2025-12-26,2025-12-27,2025-12-28,2025-12-29,2025-12-30"
11,"2025-11-14,2025-11-15,2025-11-16,2025-11-17,2025-11-18,2025-11-19,2025-11-20,2025-11-21,2025-11-22,2025-11-23,2025-11-24,2025-11-25,2025-11-26,2025-11-27,2025-11-28,2025-11-29,2025-11-30,2025-12-01,2025-12-02,2025-12-03,2025-12-04,2025-12-05,2025-12-06,2025-12-07,2025-12-08,2025-12-09,2025-12-10,2025-12-11,2025-12-12,2025-12-13,2025-12-14,2025-12-15,2025-12-16,2025-12-17,2025-12-18,2025-12-19,2025-12-20,2025-12-21"
12,"2025-11-07,2025-11-08,2025-11-09,2025-11-10,2025-11-11,2025-11-12,2025-11-13,2025-11-14,2025-11-15,2025-11-16,2025-11-17,2025-11-18,2025-11-19,2025-11-20,2025-11-21,2025-11-22,2025-11-23,2025-11-24,2025-11-25,2025-11-26,2025-11-27,2025-11-28,2025-11-29,2025-11-30,2025-12-01,2025-12-02,2025-12-03,2025-12-04,2025-12-05,2025-12-06,2025-12-07,2025-12-08,2025-12-09,2025-12-10,2025-12-11,2025-12-12,2025-12-13,2025-12-14,2025-12-15,2025-12-16,2025-12-17,2025-12-18,2025-12-19,2025-12-20,2025-12-21,2025-12-22,2025-12-23,2025-12-24,2025-12-25,2025-12-26,2025-12-27,2025-12-28,2025-12-29,2025-12-30,2025-12-31,2026-01-01,2026-01-02,2026-01-03,2026-01-04"
13,"2025-11-15,2025-11-16"
14,"Nov 29, 2025 - Feb 2026"
15,"2025-11-01,2025-11-02,2025-11-03,2025-11-04,2025-11-05,2025-11-06,2025-11-07,2025-11-08,2025-11-09,2025-11-10,2025-11-11,2025-11-12,2025-11-13,2025-11-14,2025-11-15,2025-11-16,2025-11-17,2025-11-18,2025-11-19,2025-11-20,2025-11-21,2025-11-22,2025-11-23,2025-11-24,2025-11-25,2025-11-26,2025-11-27,2025-11-28,2025-11-29,2025-11-30,2025-12-01,2025-12-02,2025-12-03,2025-12-04,2025-12-05,2025-12-06,2025-12-07,2025-12-08,2025-12-09,2025-12-10,2025-12-11,2025-12-12,2025-12-13,2025-12-14,2025-12-15,2025-12-16,2025-12-17,2025-12-18,2025-12-19,2025-12-20,2025-12-21,2025-12-22,2025-12-23,2025-12-24,2025-12-25,2025-12-26,2025-12-27,2025-12-28"
16,2025-12-07
17,"2025-11-29,2025-11-30"
18,"2025-11-07,2025-11-08,2025-11-09,2025-11-10,2025-11-11,2025-11-12,2025-11-13,2025-11-14,2025-11-15,2025-11-16,2025-11-17,2025-11-18,2025-11-19,2025-11-20,2025-11-21,2025-11-22,2025-11-23,2025-11-24,2025-11-25,2025-11-26,2025-11-27,2025-11-28,2025-11-29,2025-11-30,2025-12-01,2025-12-02,2025-12-03,2025-12-04,2025-12-05,2025-12-06,2025-12-07,2025-12-08,2025-12-09,2025-12-10,2025-12-11,2025-12-12,2025-12-13,2025-12-14,2025-12-15,2025-12-16,2025-12-17,2025-12-18,2025-12-19,2025-12-20,2025-12-21,2025-12-22,2025-12-23,2025-12-24,2025-12-25,2025-12-26,2025-12-27,2025-12-28,2025-12-29,2025-12-30,2025-12-31,2026-01-01,2026-01-02,2026-01-03,2026-01-04,2026-01-05,2026-01-06,2026-01-07,2026-01-08,2026-01-09,2026-01-10,2026-01-11,2026-01-12,2026-01-13,2026-01-14,2026-01-15,2026-01-16,2026-01-17,2026-01-18,2026-01-19,2026-01-20,2026-01-21,2026-01-22,2026-01-23,2026-01-24,2026-01-25,2026-01-26,2026-01-27,2026-01-28,2026-01-29,2026-01-30,2026-01-31,2026-02-01,2026-02-02,2026-02-03,2026-02-04,2026-02-05,2026-02-06,2026-02-07,2026-02-08,2026-02-09,2026-02-10,2026-02-11,2026-02-12,2026-02-13,2026-02-14,2026-02-15"
19,"2025-12-06,2025-12-07"
20,"2025-11-28,2025-11-29,2025-11-30"
21,"2025-11-24,2025-11-25,2025-11-26,2025-11-27,2025-11-28,2025-11-29,2025-11-30,2025-12-01,2025-12-02,2025-12-03,2025-12-04,2025-12-05,2025-12-06,2025-12-07,2025-12-08,2025-12-09,2025-12-10,2025-12-11,2025-12-12,2025-12-13,2025-12-14,2025-12-15,2025-12-16,2025-12-17,2025-12-18,2025-12-19,2025-12-20,2025-12-21,2025-12-22,2025-12-23,2025-12-24,2025-12-25,2025-12-26,2025-12-27,2025-12-28,2025-12-29,2025-12-30,2025-12-31"
22,"2025-11-24,2025-11-25,2025-11-26,2025-11-27,2025-11-28,2025-11-29,2025-11-30,2025-12-01,2025-12-02,2025-12-03,2025-12-04,2025-12-05,2025-12-06,2025-12-07,2025-12-08,2025-12-09,2025-12-10,2025-12-11,2025-12-12,2025-12-13,2025-12-14,2025-12-15,2025-12-16,2025-12-17,2025-12-18,2025-12-19,2025-12-20,2025-12-21,2025-12-22,2025-12-23,2025-12-24,2025-12-25,2025-12-26"
23,"2025-11-24,2025-11-25,2025-11-26,2025-11-27,2025-11-28,2025-11-29,2025-11-30,2025-12-01,2025-12-02,2025-12-03,2025-12-04,2025-12-05,2025-12-06,2025-12-07,2025-12-08,2025-12-09,2025-12-10,2025-12-11,2025-12-12,2025-12-13,2025-12-14,2025-12-15,2025-12-16,2025-12-17,2025-12-18,2025-12-19,2025-12-20,2025-12-21,2025-12-22,2025-12-23,2025-12-24,2025-12-25,2025-12-26,2025-12-27,2025-12-28,2025-12-29,2025-12-30"
24,"2025-11-24,2025-11-25,2025-11-26,2025-11-27,2025-11-28,2025-11-29,2025-11-30,2025-12-01,2025-12-02,2025-12-03,2025-12-04,2025-12-05,2025-12-06,2025-12-07,2025-12-08,2025-12-09,2025-12-10,2025-12-11,2025-12-12,2025-12-13,2025-12-14,2025-12-15,2025-12-16,2025-12-17,2025-12-18,2025-12-19,2025-12-20,2025-12-21,2025-12-22,2025-12-23,2025-12-24,2025-12-25,2025-12-26"
25,"2025-11-24,2025-11-25,2025-11-26,2025-11-27,2025-11-28,2025-11-29,2025-11-30,2025-12-01,2025-12-02,2025-12-03,2025-12-04,2025-12-05,2025-12-06,2025-12-07,2025-12-08,2025-12-09,2025-12-10,2025-12-11,2025-12-12,2025-12-13,2025-12-14,2025-12-15,2025-12-16,2025-12-17,2025-12-18,2025-12-19,2025-12-20,2025-12-21,2025-12-22,2025-12-23,2025-12-24,2025-12-25,2025-12-26,2025-12-27,2025-12-28,2025-12-29,2025-12-30,2025-12-31,2026-01-01"
26,"2025-11-29,2025-11-30"
27,"2025-11-30,2025-12-07,2025-12-14,2025-12-21"
28,"2025-11-28,2025-11-29,2025-11-30"
29,"2025-12-05,2025-12-06,2025-12-07"
30,"2025-12-20,2025-12-21"
31,"2025-11-24,2025-11-25,2025-11-26,2025-11-27,2025-11-28,2025-11-29,2025-11-30,2025-12-01,2025-12-02,2025-12-03,2025-12-04,2025-12-05,2025-12-06,2025-12-07,2025-12-08,2025-12-09,2025-12-10,2025-12-11,2025-12-12,2025-12-13,2025-12-14,2025-12-15,2025-12-16,2025-12-17,2025-12-18,2025-12-19,2025-12-20,2025-12-21,2025-12-22"
32,"2025-11-30,2025-12-07,2025-12-14,2025-12-21"
33,"2025-12-13,2025-12-14"
34,"2025-12-06,2025-12-07"
35,2025-11-30
36,"2025-11-29,2025-11-30"
37,"2025-11-24,2025-11-25,2025-11-26,2025-11-27,2025-11-28,2025-11-29,2025-11-30,2025-12-01,2025-12-02,2025-12-03,2025-12-04,2025-12-05,2025-12-06,2025-12-07,2025-12-08,2025-12-09,2025-12-10,2025-12-11,2025-12-12,2025-12-13,2025-12-14,2025-12-15,2025-12-16,2025-12-17,2025-12-18,2025-12-19,2025-12-20,2025-12-21,2025-12-22,2025-12-23"
38,"2025-11-14,2025-11-15,2025-11-16,2025-11-17,2025-11-18,2025-11-19,2025-11-20,2025-11-21,2025-11-22,2025-11-23,2025-11-24,2025-11-25,2025-11-26,2025-11-27,2025-11-28,2025-11-29,2025-11-30,2025-12-01,2025-12-02,2025-12-03,2025-12-04,2025-12-05,2025-12-06,2025-12-07,2025-12-08,2025-12-09,2025-12-10,2025-12-11,2025-12-12,2025-12-13,2025-12-14,2025-12-15,2025-12-16,2025-12-17,2025-12-18,2025-12-19,2025-12-20,2025-12-21,2025-12-22,2025-12-23"
39,"2025-11-24,2025-11-25,2025-11-26,2025-11-27,2025-11-28,2025-11-29,2025-11-30,2025-12-01,2025-12-02,2025-12-03,2025-12-04,2025-12-05,2025-12-06,2025-12-07,2025-12-08,2025-12-09,2025-12-10,2025-12-11,2025-12-12,2025-12-13,2025-12-14,2025-12-15,2025-12-16,2025-12-17,2025-12-18,2025-12-19,2025-12-20,2025-12-21,2025-12-22,2025-12-23"
40,"2025-11-29,2025-11-30,2025-12-06,2025-12-07,2025-12-13,2025-12-14,2025-12-20,2025-12-21"
41,"2025-12-06,2025-12-07"
42,"2025-11-30,2025-12-07,2025-12-14,2025-12-21"
43,"2025-11-24,2025-11-25,2025-11-26,2025-11-27,2025-11-28,2025-11-29,2025-11-30,2025-12-01,2025-12-02,2025-12-03,2025-12-04,2025-12-05,2025-12-06,2025-12-07,2025-12-08,2025-12-09,2025-12-10,2025-12-11,2025-12-12,2025-12-13,2025-12-14,2025-12-15,2025-12-16,2025-12-17,2025-12-18,2025-12-19,2025-12-20,2025-12-21,2025-12-22,2025-12-23,2025-12-24,2025-12-25,2025-12-26,2025-12-27,2025-12-28,2025-12-29,2025-12-30"
44,"2025-12-13,2025-12-14"
45,"2025-12-05,2025-12-06,2025-12-07"
46,2025-11-30
47,"2025-11-30,2025-12-07,2025-12-14,2025-12-21"
48,"2025-12-05,2025-12-06,2025-12-07"
49,"2025-11-24,2025-11-25,2025-11-26,2025-11-27,2025-11-28,2025-11-29,2025-11-30,2025-12-01,2025-12-02,2025-12-03,2025-12-04,2025-12-05,2025-12-06,2025-12-07,2025-12-08,2025-12-09,2025-12-10,2025-12-11,2025-12-12,2025-12-13,2025-12-14,2025-12-15,2025-12-16,2025-12-17,2025-12-18,2025-12-19,2025-12-20,2025-12-21,2025-12-22,2025-12-23"
50,"2025-11-29,2025-11-30"
51,"2025-11-24,2025-11-25,2025-11-26,2025-11-27,2025-11-28,2025-11-29,2025-11-30,2025-12-01,2025-12-02,2025-12-03,2025-12-04,2025-12-05,2025-12-06,2025-12-07,2025-12-08,2025-12-09,2025-12-10,2025-12-11,2025-12-12,2025-12-13,2025-12-14,2025-12-15,2025-12-16,2025-12-17,2025-12-18,2025-12-19,2025-12-20,2025-12-21,2025-12-22,2025-12-23,2025-12-24,2025-12-25,2025-12-26,2025-12-27,2025-12-28,2025-12-29,2025-12-30"
52,"2025-11-24,2025-11-25,2025-11-26,2025-11-27,2025-11-28,2025-11-29,2025-11-30,2025-12-01,2025-12-02,2025-12-03,2025-12-04,2025-12-05,2025-12-06,2025-12-07,2025-12-08,2025-12-09,2025-12-10,2025-12-11,2025-12-12,2025-12-13,2025-12-14,2025-12-15,2025-12-16,2025-12-17,2025-12-18,2025-12-19,2025-12-20,2025-12-21,2025-12-22,2025-12-23,2025-12-24,2025-12-25,2025-12-26,2025-12-27,2025-12-28,2025-12-29,2025-12-30,2025-12-31,2026-01-01"
53,"2025-12-12,2025-12-13,2025-12-14"
54,"2025-11-07,2025-11-08,2025-11-09,2025-11-10,2025-11-11,2025-11-12,2025-11-13,2025-11-14,2025-11-15,2025-11-16,2025-11-17,2025-11-18,2025-11-19,2025-11-20,2025-11-21,2025-11-22,2025-11-23,2025-11-24,2025-11-25,2025-11-26,2025-11-27,2025-11-28,2025-11-29,2025-11-30,2025-12-01,2025-12-02,2025-12-03,2025-12-04,2025-12-05,2025-12-06,2025-12-07,2025-12-08,2025-12-09,2025-12-10,2025-12-11,2025-12-12,2025-12-13,2025-12-14,2025-12-15,2025-12-16,2025-12-17,2025-12-18,2025-12-19,2025-12-20,2025-12-21,2025-12-22,2025-12-23,2025-12-24,2025-12-25,2025-12-26,2025-12-27,2025-12-28"
55,"2025-11-29,2025-11-30"
56,"2025-11-29,2025-11-30"
57,"2025-11-29,2025-11-30"
58,"2025-12-06,2025-12-07"
59,"2025-11-20,2025-11-21,2025-11-22,2025-11-23,2025-11-24,2025-11-25,2025-11-26,2025-11-27,2025-11-28,2025-11-29,2025-11-30,2025-12-01,2025-12-02,2025-12-03,2025-12-04,2025-12-05,2025-12-06,2025-12-07,2025-12-08,2025-12-09,2025-12-10,2025-12-11,2025-12-12,2025-12-13,2025-12-14,2025-12-15,2025-12-16,2025-12-17,2025-12-18,2025-12-19,2025-12-20,2025-12-21,2025-12-22,2025-12-23,2025-12-24,2025-12-25,2025-12-26,2025-12-27,2025-12-28,2025-12-29,2025-12-30,2025-12-31,2026-01-01"
60,"2025-11-19,2025-11-20,2025-11-21,2025-11-22,2025-11-23,2025-11-24,2025-11-25,2025-11-26,2025-11-27,2025-11-28,2025-11-29,2025-11-30,2025-12-01,2025-12-02,2025-12-03,2025-12-04,2025-12-05,2025-12-06,2025-12-07,2025-12-08,2025-12-09,2025-12-10,2025-12-11,2025-12-12,2025-12-13,2025-12-14,2025-12-15,2025-12-16,2025-12-17,2025-12-18,2025-12-19,2025-12-20,2025-12-21,2025-12-22,2025-12-23,2025-12-24,2025-12-25,2025-12-26,2025-12-27,2025-12-28,2025-12-29,2025-12-30,2025-12-31,2026-01-01,2026-01-02,2026-01-03,2026-01-04,2026-01-05,2026-01-06,2026-01-07,2026-01-08,2026-01-09,2026-01-10,2026-01-11"
61,"2025-11-29,2025-11-30,2025-12-01,2025-12-02,2025-12-03,2025-12-04,2025-12-05,2025-12-06,2025-12-07,2025-12-08,2025-12-09,2025-12-10,2025-12-11,2025-12-12,2025-12-13,2025-12-14,2025-12-15,2025-12-16,2025-12-17,2025-12-18,2025-12-19,2025-12-20,2025-12-21,2025-12-22,2025-12-23,2025-12-24,2025-12-25,2025-12-26,2025-12-27,2025-12-28,2025-12-29,2025-12-30,2025-12-31,2026-01-01,2026-01-02,2026-01-03,2026-01-04"
62,"2025-12-06,2025-12-07"
63,"2025-12-06,2025-12-07"
64,"2025-12-13,2025-12-14"
65,"2025-12-06,2025-12-07"
66,"2025-12-13,2025-12-14"
67,"2025-11-29,2025-11-30"
68,2025-11-29
69,2025-12-13
70,"2025-11-29,2025-11-30"
71,2025-12-07
72,"2025-11-24,2025-11-25,2025-11-26,2025-11-27,2025-11-28,2025-11-29,2025-11-30,2025-12-01,2025-12-02,2025-12-03,2025-12-04,2025-12-05,2025-12-06,2025-12-07,2025-12-08,2025-12-09,2025-12-10,2025-12-11,2025-12-12,2025-12-13,2025-12-14,2025-12-15,2025-12-16,2025-12-17,2025-12-18,2025-12-19,2025-12-20,2025-12-21,2025-12-22"
73,"2025-12-06,2025-12-07"
74,2025-11-29
75,"2025-11-29,2025-11-30"
76,2025-12-06
77,"2025-11-30,2025-12-01,2025-12-02,2025-12-03,2025-12-04,2025-12-05,2025-12-06,2025-12-07,2025-12-08,2025-12-09,2025-12-10,2025-12-11,2025-12-12,2025-12-13,2025-12-14,2025-12-15,2025-12-16,2025-12-17,2025-12-18,2025-12-19,2025-12-20,2025-12-21"
78,"2025-11-29,2025-11-30"
79,"2025-11-29,2025-11-30"
80,2025-11-30